{
  "sky_zenith_color": {
    "0.750000": [
      88.50549770928777,
      85.78061224489795,
      219.29999999999998
    ],
    "0.000000": [
      105.64285714285714,
      152.16734693877552,
      214.2
    ],
    "0.250000": [
      4.579591836734692,
      74.31003748438155,
      122.39999999999999
    ],
    "0.500000": [
      11.422782174094117,
      5.186734693877547,
      66.3
    ]
  },
  "sky_horizon_color": {
    "0.000000": [
      196.70272108843537,
      222.97684298209106,
      248.20000000000002
    ],
    "0.603000": [
      48.726877892488375,
      4.546698113207536,
      160.65
    ],
    "0.171875": [
      232.9,
      144.23518237082067,
      100.60646258503401
    ],
    "0.470000": [
      7.674056603773588,
      20.004464677490123,
      73.95
    ],
    "0.250000": [
      164.9,
      106.75117312231016,
      93.66768707482994
    ],
    "0.305000": [
      80.02390670553935,
      19.671428571428567,
      91.8
    ],
    "0.350000": [
      44.249562682215725,
      11.98095238095239,
      95.19999999999999
    ],
    "0.417500": [
      1.827446897126187,
      0.8384353741496589,
      49.300000000000004
    ],
    "0.647500": [
      212.5,
      96.32271275857285,
      83.12074829931974
    ],
    "0.750000": [
      228.65,
      122.52440968774137,
      99.94449685534593
    ],
    "0.840000": [
      242,
      168,
      152
    ]
  },
  "rayleigh_strength": {
    "0.750000": 1.25,
    "0.325000": 1.6249980926513672,
    "0.000000": 10.261249542236328,
    "0.250000": 1.6249980926513672,
    "0.300000": 1.6249980926513672,
    "0.303750": 1.6249980926513672,
    "0.600000": 5,
    "0.707500": 1.982535481452942
  },
  "sun_mie_strength": {
    "0.750000": 20,
    "0.325000": 20,
    "0.000000": 20,
    "0.250000": 60,
    "0.300000": 60,
    "0.303750": 57.570037841796875,
    "0.600000": 20,
    "0.707500": 20
  },
  "moon_mie_strength": {
    "0.750000": 0,
    "0.325000": 20,
    "0.000000": 0,
    "0.250000": 0,
    "0.300000": 0,
    "0.303750": 2.2799999713897705,
    "0.600000": 20,
    "0.707500": 0
  },
  "sun_glare_shape": {
    "0.750000": 4,
    "0.325000": 15,
    "0.000000": 15.89900016784668,
    "0.250000": 15.89900016784668,
    "0.300000": 15.89900016784668,
    "0.303750": 15.84438705444336,
    "0.600000": 4,
    "0.707500": 4
  },
  "horizon_blend_stops": {
    "min": {
      "0.000000": 0,
      "0.340000": 0.10999999940395355,
      "0.196250": 0.00800000037997961,
      "0.250000": 0,
      "0.675000": 0.013329833745956421,
      "0.600000": 0.027000000700354576,
      "0.817500": 0,
      "0.748750": 0
    },
    "start": {
      "0.000000": 0.40,
      "0.340000": 0.4009999930858612,
      "0.196250": 0.41790661215782166,
      "0.250000": 0.21299999952316284,
      "0.675000": 0.21430787444114685,
      "0.600000": 0.23000000417232513,
      "0.817500": 0.6179999709129333,
      "0.748750": 0.19900642335414886
    },
    "mie_start": {
      "0.000000": 0.5,
      "0.340000": 0.5009999871253967,
      "0.196250": 1.1720000505447388,
      "0.250000": 0.5,
      "0.675000": 0.15000000596046448,
      "0.600000": 0.16699999570846558,
      "0.817500": 0.7900000214576721,
      "0.748750": 0.550000011920929
    },
    "max": {
      "0.000000": 0.25,
      "0.340000": 0.46700000762939453,
      "0.196250": 0.13699999451637268,
      "0.250000": 0,
      "0.675000": 0.191900834441185,
      "0.600000": 0.20000000298023224,
      "0.817500": 0,
      "0.748750": 0.21400000154972076
    }
  }
}